"","Peripartum cardiomyopathy (PPCM)","Hypertrophic cardiomyopathy (HCM)","Dilated cardiomyopathy (DCM)","Serous Ovarian Cancer Tumor","Dysplasia","Unknown","Insulin resistant","Major depression","Bipolar disorder","Schizophrenia","Cancer","AD","Early age-related maculopathy","Late non-exudative age-related maculopathy","Alzheimer's","AMD"
"ABBUD_LIF_SIGNALING_2_DN",0,0,-1,0,-1,0,-1,0,0,-1,-1,0,0,0,0,1
"ABE_INNER_EAR",0,0,-1,0,0,0,0,0,0,0,-1,0,0,0,0,1
"ABE_VEGFA_TARGETS_30MIN",0,0,-1,0,0,0,0,0,0,0,-1,0,0,0,0,1
"ALONSO_METASTASIS_NEURAL_UP",0,0,-1,0,0,0,0,0,0,0,-1,0,0,0,0,1
"ANDERSEN_CHOLANGIOCARCINOMA_CLASS1",0,0,-1,-1,-1,0,-1,0,0,0,-1,0,0,1,0,0
"ASGHARZADEH_NEUROBLASTOMA_POOR_SURVIVAL_DN",0,0,-1,0,0,-1,0,0,0,-1,-1,0,0,0,0,1
"BEGUM_TARGETS_OF_PAX3_FOXO1_FUSION_AND_PAX3",0,0,-1,-1,0,0,-1,-1,0,-1,-1,0,0,1,0,1
"BEIER_GLIOMA_STEM_CELL_UP",0,0,-1,0,0,0,0,0,0,0,-1,0,0,0,0,1
"BENPORATH_EED_TARGETS",0,0,-1,0,0,0,0,0,0,0,-1,0,0,0,0,1
"BENPORATH_ES_WITH_H3K27ME3",0,0,-1,0,0,0,0,0,0,0,-1,0,0,0,0,1
"BENPORATH_PRC2_TARGETS",0,0,-1,0,0,-1,0,0,0,0,-1,0,0,0,0,1
"BENPORATH_SUZ12_TARGETS",0,0,-1,0,0,0,0,0,0,0,-1,0,0,0,0,1
"BIOCARTA_AHSP_PATHWAY",0,0,1,1,1,0,0,0,0,0,1,0,0,0,0,-1
"BIOCARTA_ASBCELL_PATHWAY",0,0,0,0,0,0,0,0,0,0,0,0,1,0,0,0
"BIOCARTA_BARRESTIN_PATHWAY",0,0,-1,0,0,0,0,0,0,0,-1,0,0,0,0,0
"BIOCARTA_BARR_MAPK_PATHWAY",0,0,-1,0,0,0,0,0,0,0,-1,0,0,0,0,0
"BIOCARTA_BBCELL_PATHWAY",0,0,0,0,0,0,0,0,0,0,0,0,1,0,0,0
"BIOCARTA_BLYMPHOCYTE_PATHWAY",0,0,0,0,0,0,0,0,0,0,0,0,1,0,0,0
"BIOCARTA_BOTULIN_PATHWAY",0,0,-1,0,0,-1,0,0,0,-1,-1,0,-1,-1,0,0
"BIOCARTA_CDK5_PATHWAY",0,0,-1,0,0,0,0,0,0,0,-1,0,0,0,0,0
"BIOCARTA_CELL2CELL_PATHWAY",0,0,-1,0,0,0,0,0,0,0,0,0,0,0,0,0
"BIOCARTA_CREM_PATHWAY",0,0,-1,0,0,0,0,0,0,-1,-1,0,0,0,0,1
"BIOCARTA_CTLA4_PATHWAY",0,0,0,0,0,0,0,0,0,0,0,0,1,0,0,0
"BIOCARTA_CTL_PATHWAY",0,0,0,0,0,0,0,0,0,0,0,0,1,0,0,0
"BIOCARTA_DC_PATHWAY",0,0,0,0,0,0,0,0,0,0,0,0,0,0,0,0
"BIOCARTA_EOSINOPHILS_PATHWAY",0,0,0,0,0,0,0,0,0,0,0,0,1,0,0,0
"BIOCARTA_ERBB3_PATHWAY",0,-1,-1,-1,-1,0,-1,-1,-1,-1,-1,0,0,0,0,1
"BIOCARTA_ERBB4_PATHWAY",0,0,-1,0,0,0,0,0,0,-1,-1,0,0,0,0,1
"BIOCARTA_FLUMAZENIL_PATHWAY",0,0,-1,0,0,-1,0,0,0,-1,-1,0,0,0,0,0
"BIOCARTA_FOSB_PATHWAY",0,0,-1,0,0,0,0,0,0,-1,-1,0,0,0,0,1
"BIOCARTA_GABA_PATHWAY",0,0,-1,0,0,-1,0,0,0,-1,-1,0,0,0,0,1
"BIOCARTA_GRANULOCYTES_PATHWAY",0,0,0,0,0,0,0,0,0,0,0,0,0,0,0,0
"BIOCARTA_IL17_PATHWAY",0,0,0,0,0,0,0,0,0,0,0,0,0,0,0,0
"BIOCARTA_ION_PATHWAY",0,0,-1,0,0,0,0,0,0,-1,-1,0,0,0,0,1
"BIOCARTA_LYMPHOCYTE_PATHWAY",0,0,0,0,0,0,0,0,0,0,0,0,0,0,0,0
"BIOCARTA_LYM_PATHWAY",0,0,0,0,0,0,0,0,0,0,0,0,0,0,0,0
"BIOCARTA_MONOCYTE_PATHWAY",0,0,0,0,0,0,0,0,0,0,0,0,0,0,0,0
"BIOCARTA_NEUTROPHIL_PATHWAY",0,0,0,0,0,0,0,0,0,0,0,0,0,0,0,0
"BIOCARTA_NKT_PATHWAY",0,0,0,0,0,0,0,0,0,0,0,0,0,0,0,0
"BIOCARTA_NO2IL12_PATHWAY",0,0,0,0,0,0,0,0,0,0,0,0,0,0,0,0
"BIOCARTA_NOS1_PATHWAY",0,0,-1,0,0,0,0,0,0,-1,-1,0,0,0,0,0
"BIOCARTA_P35ALZHEIMERS_PATHWAY",0,0,-1,0,0,0,0,0,0,0,-1,0,0,0,0,0
"BIOCARTA_PARKIN_PATHWAY",0,0,-1,0,0,0,0,0,0,-1,-1,0,-1,0,0,1
"BIOCARTA_PDZS_PATHWAY",0,0,-1,0,0,-1,0,0,0,0,-1,0,0,-1,0,1
"BIOCARTA_PELP1_PATHWAY",0,0,-1,0,0,0,0,0,0,0,-1,0,0,0,0,0
"BIOCARTA_PLATELETAPP_PATHWAY",0,0,-1,0,0,0,0,0,0,0,-1,0,1,0,0,1
"BIOCARTA_PLCD_PATHWAY",0,0,-1,0,0,0,0,0,0,-1,-1,0,0,0,0,1
"BIOCARTA_PRION_PATHWAY",0,0,-1,0,0,0,0,0,0,0,-1,0,-1,0,0,1
"BIOCARTA_RACC_PATHWAY",0,0,-1,0,0,-1,0,0,0,0,-1,0,0,0,0,0
"BIOCARTA_REELIN_PATHWAY",0,0,-1,0,0,0,0,0,0,0,-1,0,0,0,0,1
"BIOCARTA_RHODOPSIN_PATHWAY",0,-1,-1,-1,-1,-1,-1,-1,-1,-1,-1,0,-1,-1,0,1
"BIOCARTA_TCAPOPTOSIS_PATHWAY",0,0,0,0,0,0,0,0,0,0,0,0,0,0,0,0
"BIOCARTA_TCRA_PATHWAY",0,0,0,0,0,0,0,0,0,0,0,0,1,0,0,0
"BIOCARTA_TCYTOTOXIC_PATHWAY",0,0,0,0,0,0,0,0,0,0,0,0,0,0,0,0
"BIOCARTA_THELPER_PATHWAY",0,0,0,0,0,0,0,0,0,0,0,0,0,0,0,0
"BIOCARTA_TUBBY_PATHWAY",0,0,-1,0,0,-1,0,0,0,0,-1,0,0,0,0,0
"BIOCARTA_VITCB_PATHWAY",0,0,-1,-1,0,0,0,0,0,0,-1,0,0,1,0,1
"BIOCARTA_VOBESITY_PATHWAY",0,0,0,1,1,1,1,0,0,1,0,0,0,0,-1,-1
"BLANCO_MELO_HUMAN_PARAINFLUENZA_VIRUS_3_INFECTION_A594_CELLS_DN",0,0,-1,0,0,0,0,0,0,0,-1,0,1,0,0,0
"BROWNE_HCMV_INFECTION_1HR_UP",0,0,-1,0,0,0,0,0,0,0,-1,0,0,0,0,1
"BRUNEAU_HEART_GREAT_VESSELS_AND_VALVULOGENESIS",0,0,-1,0,0,0,0,0,0,0,-1,0,0,0,0,1
"CALVET_IRINOTECAN_SENSITIVE_VS_RESISTANT_UP",0,0,-1,-1,0,0,-1,0,0,0,-1,0,0,0,0,1
"CALVET_IRINOTECAN_SENSITIVE_VS_REVERTED_DN",0,0,-1,0,0,0,0,0,0,0,-1,0,0,0,0,1
"CERIBELLI_PROMOTERS_INACTIVE_AND_BOUND_BY_NFY",0,0,-1,0,0,0,0,0,0,-1,-1,0,0,0,0,1
"CERVERA_SDHB_TARGETS_1_DN",0,0,-1,0,0,0,0,0,0,0,-1,0,-1,0,0,1
"CHEMELLO_SOLEUS_VS_EDL_MYOFIBERS_DN",0,-1,-1,-1,-1,-1,-1,-1,0,0,-1,0,-1,0,0,1
"CHEN_HOXA5_TARGETS_6HR_DN",0,0,0,0,0,0,0,0,0,0,0,0,0,0,0,0
"CHESLER_BRAIN_D6MIT150_QTL_CIS",0,-1,-1,-1,-1,0,-1,-1,0,-1,-1,0,0,0,0,1
"CHESLER_BRAIN_D6MIT150_QTL_TRANS",0,0,-1,0,0,-1,0,0,0,-1,-1,0,0,0,0,1
"CHESLER_BRAIN_HIGHEST_EXPRESSION",0,0,-1,0,0,0,0,0,0,-1,-1,0,0,0,0,1
"CHOI_ATL_ACUTE_STAGE",0,0,-1,-1,0,-1,-1,0,0,-1,-1,0,1,0,0,1
"CLIMENT_BREAST_CANCER_COPY_NUMBER_UP",0,0,-1,0,0,0,0,0,0,0,-1,0,0,0,0,1
"COLIN_PILOCYTIC_ASTROCYTOMA_VS_GLIOBLASTOMA_UP",0,0,-1,0,0,0,0,0,0,0,-1,0,0,0,0,1
"CONRAD_STEM_CELL",0,0,-1,-1,0,0,-1,0,0,0,-1,0,0,0,0,1
"DACOSTA_ERCC3_ALLELE_XPCS_VS_TTD_UP",0,0,-1,0,0,0,0,0,0,0,-1,0,0,0,0,1
"DASU_IL6_SIGNALING_DN",0,0,-1,-1,0,0,-1,0,0,0,-1,0,0,0,0,1
"DASU_IL6_SIGNALING_SCAR_DN",0,0,-1,0,0,0,0,0,0,0,-1,0,1,0,0,1
"DAVICIONI_PAX_FOXO1_SIGNATURE_IN_ARMS_UP",0,0,-1,0,0,0,0,0,0,0,-1,0,0,0,0,1
"DAVICIONI_TARGETS_OF_PAX_FOXO1_FUSIONS_DN",0,0,-1,0,0,0,0,0,0,0,-1,0,1,0,0,1
"DAVIES_MULTIPLE_MYELOMA_VS_MGUS_UP",0,0,-1,0,0,0,0,0,0,0,-1,0,0,0,0,1
"DAWSON_METHYLATED_IN_LYMPHOMA_TCL1",0,0,-1,0,0,0,0,0,0,0,-1,0,0,0,0,1
"DELASERNA_TARGETS_OF_MYOD_AND_SMARCA4",0,0,0,0,0,1,0,0,0,0,1,0,0,0,0,0
"DIERICK_SEROTONIN_FUNCTION_GENES",0,0,-1,0,0,0,0,0,0,0,-1,0,0,0,0,1
"DING_LUNG_CANCER_BY_MUTATION_RATE",0,0,-1,0,0,0,0,0,0,0,-1,0,0,0,1,1
"DING_LUNG_CANCER_MUTATED_SIGNIFICANTLY",0,0,-1,0,0,0,0,0,0,0,-1,0,0,0,0,1
"DOANE_BREAST_CANCER_ESR1_DN",0,0,-1,0,0,-1,0,0,0,0,-1,0,0,0,1,1
"EHLERS_ANEUPLOIDY_DN",0,0,-1,0,0,0,0,0,0,0,-1,0,0,0,0,1
"FARDIN_HYPOXIA_9",0,0,-1,0,0,0,0,0,0,0,-1,0,0,0,0,1
"FARMER_BREAST_CANCER_CLUSTER_1",0,0,0,0,0,0,0,0,0,0,0,0,0,0,0,0
"FERRANDO_TAL1_NEIGHBORS",0,0,0,0,0,0,0,0,0,0,0,0,0,0,0,0
"FERRARI_RESPONSE_TO_FENRETINIDE_DN",0,0,-1,0,0,0,0,0,0,0,0,0,0,0,0,0
"FIGUEROA_AML_METHYLATION_CLUSTER_2_DN",0,0,0,0,0,0,0,0,0,0,0,0,0,0,0,0
"FIGUEROA_AML_METHYLATION_CLUSTER_7_DN",0,0,-1,0,0,0,0,0,0,0,-1,0,0,0,0,1
"FINETTI_BREAST_CANCERS_KINOME_BLUE",0,0,-1,0,0,0,0,0,0,-1,-1,0,0,0,0,1
"FLORIO_HUMAN_NEOCORTEX",0,0,1,0,0,0,0,0,0,0,0,0,1,0,0,0
"FOURNIER_ACINAR_DEVELOPMENT_LATE_UP",0,0,-1,0,0,0,0,0,0,0,-1,0,0,0,0,1
"FUNG_IL2_TARGETS_WITH_STAT5_BINDING_SITES_T1",0,0,0,0,0,0,0,0,0,0,0,0,1,1,0,0
"GERHOLD_RESPONSE_TO_TZD_UP",0,0,0,1,1,1,0,0,0,1,0,0,0,0,0,-1
"GOUYER_TUMOR_INVASIVENESS",0,0,-1,-1,-1,-1,-1,0,0,0,0,0,0,0,0,1
"GRADE_COLON_VS_RECTAL_CANCER_DN",0,0,-1,0,0,0,0,0,0,0,-1,0,0,0,0,1
"GRAHAM_CML_QUIESCENT_VS_CML_DIVIDING_DN",0,0,0,0,0,0,0,0,0,0,0,0,1,1,0,0
"GUENTHER_GROWTH_SPHERICAL_VS_ADHERENT_UP",0,0,-1,0,0,-1,0,0,0,-1,-1,0,-1,-1,0,1
"HAHTOLA_CTCL_PATHOGENESIS",0,0,0,0,0,0,0,0,0,0,0,0,0,0,0,0
"HANN_RESISTANCE_TO_BCL2_INHIBITOR_UP",0,0,-1,0,0,0,0,0,0,0,-1,0,0,0,0,0
"HATADA_METHYLATED_IN_LUNG_CANCER_DN",0,0,-1,-1,-1,-1,-1,0,0,-1,-1,0,0,0,0,1
"HE_PTEN_TARGETS_DN",0,-1,-1,-1,-1,0,-1,-1,-1,-1,-1,0,0,0,0,1
"HOEGERKORP_CD44_TARGETS_DIRECT_DN",0,0,-1,-1,0,0,-1,0,0,-1,-1,0,0,0,0,1
"HOELZEL_NF1_TARGETS_DN",0,0,-1,0,0,0,0,0,0,0,-1,0,0,0,0,1
"HOELZEL_NF1_TARGETS_UP",0,0,-1,0,0,0,0,0,0,0,-1,0,0,0,0,1
"HOLLERN_EMT_BREAST_TUMOR_DN",0,0,-1,-1,-1,-1,-1,0,-1,-1,-1,0,1,0,0,0
"HUANG_DASATINIB_RESISTANCE_DN",0,0,-1,0,0,0,0,0,0,0,-1,0,1,0,0,1
"HUNSBERGER_EXERCISE_REGULATED_GENES",0,0,-1,0,0,0,0,0,0,-1,-1,0,0,-1,0,1
"IKEDA_MIR30_TARGETS_DN",0,0,-1,0,0,-1,0,0,0,0,-1,0,0,0,0,1
"JACKSON_DNMT1_TARGETS_DN",0,0,-1,0,0,0,0,0,0,0,-1,0,0,0,0,1
"JIANG_AGING_HYPOTHALAMUS_DN",0,0,-1,0,0,0,0,0,0,0,-1,0,0,0,0,1
"JOHANSSON_BRAIN_CANCER_EARLY_VS_LATE_DN",0,0,-1,0,0,1,0,0,0,0,-1,0,0,0,0,1
"KANG_GLIS3_TARGETS",0,0,-1,0,0,-1,-1,0,0,0,-1,0,0,0,0,1
"KASLER_HDAC7_TARGETS_2_UP",0,0,1,0,0,0,0,0,0,0,0,0,0,0,0,0
"KEGG_CALCIUM_SIGNALING_PATHWAY",0,0,-1,0,0,0,0,0,0,0,-1,0,0,0,0,1
"KEGG_CARDIAC_MUSCLE_CONTRACTION",0,0,0,0,0,0,0,0,0,0,0,0,0,0,0,0
"KEGG_DILATED_CARDIOMYOPATHY",0,0,-1,0,0,0,0,0,0,0,0,0,0,0,0,1
"KEGG_LONG_TERM_DEPRESSION",0,0,-1,0,0,0,0,0,0,0,-1,0,0,0,0,1
"KEGG_LONG_TERM_POTENTIATION",0,0,-1,0,0,0,0,0,0,0,-1,0,0,0,0,1
"KEGG_NEUROACTIVE_LIGAND_RECEPTOR_INTERACTION",0,0,-1,0,0,0,0,0,0,0,-1,0,0,0,0,1
"KEGG_OLFACTORY_TRANSDUCTION",0,0,-1,-1,-1,0,-1,0,0,-1,-1,0,0,0,0,1
"KEGG_PRIMARY_IMMUNODEFICIENCY",0,0,0,0,0,0,0,0,0,0,0,0,0,0,0,0
"KEGG_PROXIMAL_TUBULE_BICARBONATE_RECLAMATION",0,0,-1,0,0,0,0,0,0,0,-1,0,0,0,0,0
"KEGG_TASTE_TRANSDUCTION",0,0,-1,0,0,0,0,0,0,0,-1,0,0,0,0,1
"KEGG_TAURINE_AND_HYPOTAURINE_METABOLISM",0,0,-1,0,0,0,0,0,0,0,-1,0,0,0,0,0
"KIM_ALL_DISORDERS_CALB1_CORR_UP",0,0,-1,0,0,-1,0,0,0,0,-1,0,-1,-1,0,1
"KIM_ALL_DISORDERS_DURATION_CORR_UP",0,0,-1,0,0,0,0,0,0,0,-1,0,0,0,0,1
"KIM_HYPOXIA",0,0,-1,-1,0,0,-1,0,-1,-1,-1,0,0,0,0,1
"KIM_MYCL1_AMPLIFICATION_TARGETS_UP",0,0,-1,0,0,-1,0,0,0,-1,-1,0,0,0,0,1
"KOBAYASHI_RESPONSE_TO_ROMIDEPSIN",0,0,-1,-1,-1,0,-1,-1,-1,-1,-1,0,0,0,0,1
"KONDO_COLON_CANCER_HCP_WITH_H3K27ME3",0,0,-1,0,-1,0,-1,0,0,0,-1,0,0,0,0,1
"KONDO_HYPOXIA",0,0,-1,-1,-1,0,-1,-1,-1,0,-1,0,0,0,0,1
"KONDO_PROSTATE_CANCER_HCP_WITH_H3K27ME3",0,0,-1,0,0,0,0,0,0,0,-1,0,0,0,0,1
"KORKOLA_CHORIOCARCINOMA",0,0,0,1,1,1,1,0,0,1,0,0,-1,0,-1,-1
"KORKOLA_CHORIOCARCINOMA_DN",0,0,-1,0,0,0,0,-1,0,-1,-1,0,0,0,0,1
"KORKOLA_EMBRYONAL_CARCINOMA_DN",0,0,-1,0,0,0,0,-1,0,0,-1,0,0,0,0,1
"KORKOLA_EMBRYONIC_CARCINOMA_VS_SEMINOMA_DN",0,0,-1,0,0,0,0,0,0,0,-1,0,0,0,0,1
"KORKOLA_EMBRYONIC_CARCINOMA_VS_SEMINOMA_UP",0,0,-1,0,0,0,0,0,0,0,-1,0,1,0,0,1
"KORKOLA_SEMINOMA_DN",0,0,-1,0,0,0,0,-1,0,0,-1,0,0,0,0,1
"KORKOLA_YOLK_SAC_TUMOR",0,0,-1,-1,0,0,0,0,0,0,-1,0,0,0,0,1
"KUNINGER_IGF1_VS_PDGFB_TARGETS_UP",0,0,0,0,0,-1,0,0,0,0,0,0,0,0,0,0
"KUROZUMI_RESPONSE_TO_ONCOCYTIC_VIRUS",0,0,0,0,0,0,0,0,0,0,0,0,0,0,0,0
"KUROZUMI_RESPONSE_TO_ONCOCYTIC_VIRUS_AND_CYCLIC_RGD",0,0,0,0,0,0,0,0,0,0,0,0,0,0,0,0
"LA_MEN1_TARGETS",0,0,-1,0,0,0,0,0,0,0,-1,0,0,0,0,1
"LEE_NEURAL_CREST_STEM_CELL_DN",0,0,-1,-1,0,0,-1,0,0,-1,-1,0,0,0,0,1
"LEE_TARGETS_OF_PTCH1_AND_SUFU_DN",0,0,-1,0,0,-1,0,0,0,-1,-1,0,-1,-1,0,1
"LEIN_ASTROCYTE_MARKERS",0,0,-1,0,0,0,0,0,0,0,-1,0,0,0,0,1
"LEIN_LOCALIZED_TO_DISTAL_AND_PROXIMAL_DENDRITES",0,0,-1,0,0,-1,0,0,0,-1,-1,0,0,0,0,1
"LEIN_LOCALIZED_TO_PROXIMAL_DENDRITES",0,0,-1,0,0,0,0,0,0,-1,-1,0,-1,0,0,1
"LEIN_NEURON_MARKERS",0,0,-1,0,0,-1,0,0,0,-1,-1,0,-1,-1,0,1
"LEIN_OLIGODENDROCYTE_MARKERS",0,0,-1,0,0,-1,0,0,0,0,-1,0,0,0,0,0
"LEI_HOXC8_TARGETS_UP",0,0,-1,-1,0,0,0,0,0,0,-1,0,1,0,0,1
"LE_NEURONAL_DIFFERENTIATION_UP",0,0,-1,0,0,-1,0,0,0,-1,-1,0,0,0,0,1
"LIEN_BREAST_CARCINOMA_METAPLASTIC_VS_DUCTAL_DN",0,0,-1,-1,-1,-1,-1,0,0,-1,-1,0,1,0,0,1
"LIU_IL13_MEMORY_MODEL_DN",0,0,-1,0,0,0,0,0,0,0,-1,0,0,0,0,1
"LIU_IL13_MEMORY_MODEL_UP",0,0,-1,0,0,0,0,0,0,0,-1,0,0,0,0,0
"LI_CISPLATIN_RESISTANCE_UP",0,0,-1,0,0,0,0,0,0,0,-1,0,0,0,0,1
"LOPES_METHYLATED_IN_COLON_CANCER_UP",0,0,-1,0,0,0,0,0,0,-1,-1,0,0,0,0,1
"LOPEZ_EPITHELIOID_MESOTHELIOMA",0,0,-1,-1,-1,-1,-1,0,-1,-1,-1,0,0,0,0,1
"LUCAS_HNF4A_TARGETS_DN",0,0,-1,0,0,0,0,0,0,0,-1,0,0,0,0,0
"LU_AGING_BRAIN_DN",0,0,-1,0,0,-1,0,0,0,0,-1,0,-1,-1,0,1
"MAINA_HYPOXIA_VHL_TARGETS_UP",0,0,-1,-1,0,0,-1,-1,-1,0,-1,0,0,0,0,1
"MAINA_VHL_TARGETS_DN",0,0,-1,-1,-1,0,-1,-1,-1,-1,-1,0,0,0,0,1
"MARTIN_NFKB_TARGETS_DN",0,0,-1,0,0,-1,0,0,0,-1,-1,0,0,0,0,0
"MARTORIATI_MDM4_TARGETS_NEUROEPITHELIUM_DN",0,0,-1,0,0,0,0,0,0,-1,-1,0,0,0,0,1
"MASRI_RESISTANCE_TO_TAMOXIFEN_AND_AROMATASE_INHIBITORS_DN",0,0,-1,-1,-1,-1,-1,0,0,0,-1,1,0,0,0,1
"MASRI_RESISTANCE_TO_TAMOXIFEN_AND_AROMATASE_INHIBITORS_UP",0,0,-1,0,0,1,0,0,0,0,-1,0,0,0,0,1
"MATZUK_FERTILIZATION",0,0,-1,0,0,0,0,0,0,0,0,0,0,0,0,0
"MCBRYAN_TERMINAL_END_BUD_DN",0,0,0,1,0,0,0,0,0,0,0,0,0,0,0,0
"MCCABE_HOXC6_TARGETS_DN",0,0,-1,0,0,0,0,0,0,0,-1,0,0,0,0,1
"MCCABE_HOXC6_TARGETS_UP",0,-1,-1,-1,-1,0,-1,-1,0,-1,-1,0,0,0,0,1
"MCCLUNG_COCAINE_REWARD_5D",0,0,-1,0,0,-1,0,0,0,0,-1,0,0,0,0,1
"MCCLUNG_CREB1_TARGETS_UP",0,0,-1,0,0,-1,0,0,0,-1,-1,0,-1,-1,0,1
"MCCLUNG_DELTA_FOSB_TARGETS_2WK",0,0,-1,0,0,-1,0,0,0,-1,-1,0,-1,-1,0,1
"MCCLUNG_DELTA_FOSB_TARGETS_8WK",0,0,-1,0,0,0,0,0,0,-1,-1,0,0,0,0,1
"MCCOLLUM_GELDANAMYCIN_RESISTANCE_DN",0,0,-1,-1,0,-1,0,0,0,0,-1,0,0,0,1,0
"MCLACHLAN_DENTAL_CARIES_DN",0,0,-1,0,0,0,0,0,0,0,-1,0,0,0,0,1
"MCMURRAY_TP53_HRAS_COOPERATION_RESPONSE_DN",0,0,-1,0,0,0,0,0,0,0,-1,0,0,0,0,1
"MEBARKI_HCC_PROGENITOR_WNT_DN_CTNNB1_DEPENDENT",0,0,-1,0,0,1,0,0,0,0,-1,0,0,0,0,1
"MEBARKI_HCC_PROGENITOR_WNT_DN_CTNNB1_DEPENDENT_BLOCKED_BY_FZD8CRD",0,0,-1,0,0,1,0,0,0,0,-1,0,0,0,0,1
"MEISSNER_BRAIN_HCP_WITH_H3K4ME2",0,0,-1,0,0,-1,0,0,0,-1,-1,0,-1,0,0,1
"MEISSNER_NPC_HCP_WITH_H3K27ME3",0,0,-1,-1,-1,-1,-1,0,0,-1,-1,0,0,0,0,1
"MEISSNER_NPC_HCP_WITH_H3K4ME2",0,0,-1,0,0,0,0,0,0,0,-1,0,0,0,0,1
"MEISSNER_NPC_HCP_WITH_H3K4ME2_AND_H3K27ME3",0,0,-1,0,0,-1,0,0,0,-1,-1,0,0,0,0,1
"MEISSNER_NPC_HCP_WITH_H3K4ME3_AND_H3K27ME3",0,0,-1,0,0,-1,0,0,0,-1,-1,0,0,0,0,1
"MIKI_COEXPRESSED_WITH_CYP19A1",0,0,-1,-1,-1,0,-1,0,0,-1,-1,0,0,0,0,1
"MIKKELSEN_DEDIFFERENTIATED_STATE_UP",0,0,-1,-1,0,0,-1,0,0,0,-1,0,0,0,0,1
"MIKKELSEN_ES_HCP_WITH_H3K27ME3",0,0,-1,0,0,0,0,0,0,0,-1,0,0,0,0,1
"MIKKELSEN_ES_HCP_WITH_H3_UNMETHYLATED",0,0,-1,0,-1,-1,0,0,0,-1,-1,0,0,-1,0,1
"MIKKELSEN_ES_ICP_WITH_H3K27ME3",0,0,-1,0,0,-1,0,0,0,0,-1,0,0,0,0,1
"MIKKELSEN_ES_LCP_WITH_H3K4ME3_AND_H3K27ME3",0,0,-1,0,-1,-1,-1,0,0,-1,-1,0,0,0,0,0
"MIKKELSEN_IPS_HCP_WITH_H3_UNMETHYLATED",0,0,-1,0,0,0,0,0,0,0,-1,0,0,0,0,1
"MIKKELSEN_IPS_ICP_WITH_H3K27ME3",0,0,-1,0,-1,-1,-1,0,0,-1,-1,0,0,0,0,1
"MIKKELSEN_IPS_LCP_WITH_H3K4ME3_AND_H3K27ME3",0,0,-1,0,0,0,0,0,0,0,-1,0,-1,-1,0,1
"MIKKELSEN_IPS_WITH_HCP_H3K27ME3",0,0,-1,0,0,-1,0,0,0,-1,-1,0,0,0,0,1
"MIKKELSEN_MCV6_HCP_WITH_H3K27ME3",0,0,-1,0,0,-1,0,0,0,-1,-1,0,0,0,0,1
"MIKKELSEN_MCV6_ICP_WITH_H3K27ME3",0,0,-1,0,0,0,0,0,0,0,-1,0,0,0,0,1
"MIKKELSEN_MCV6_ICP_WITH_H3K4ME3_AND_H3K27ME3",0,0,-1,0,-1,-1,0,0,0,-1,-1,0,0,0,0,1
"MIKKELSEN_MEF_HCP_WITH_H3K27ME3",0,0,-1,0,0,-1,0,0,0,-1,-1,0,0,0,0,1
"MIKKELSEN_MEF_HCP_WITH_H3_UNMETHYLATED",0,0,-1,0,-1,-1,-1,0,0,-1,-1,0,0,0,0,1
"MIKKELSEN_MEF_ICP_WITH_H3K27ME3",0,0,-1,0,-1,0,-1,0,0,-1,-1,0,0,0,0,1
"MIKKELSEN_MEF_ICP_WITH_H3K4ME3_AND_H3K27ME3",0,0,-1,0,0,-1,0,0,0,-1,-1,0,0,0,0,1
"MIKKELSEN_NPC_HCP_WITH_H3K27ME3",0,0,-1,0,0,-1,0,0,0,-1,-1,0,0,0,0,1
"MIKKELSEN_NPC_HCP_WITH_H3K4ME3_AND_H3K27ME3",0,0,-1,0,0,-1,0,0,0,-1,-1,0,0,0,0,1
"MIKKELSEN_NPC_WITH_LCP_H3K27ME3",0,-1,-1,-1,-1,0,-1,-1,0,0,-1,0,0,0,0,1
"MODY_HIPPOCAMPUS_POSTNATAL",0,0,-1,0,0,0,0,0,0,0,-1,0,0,0,0,0
"MOHANKUMAR_HOXA1_TARGETS_DN",0,0,-1,-1,-1,-1,-1,0,0,-1,-1,0,0,0,0,1
"MOROSETTI_FACIOSCAPULOHUMERAL_MUSCULAR_DISTROPHY_DN",0,0,-1,-1,0,0,-1,0,0,0,-1,0,0,0,0,1
"MYLLYKANGAS_AMPLIFICATION_HOT_SPOT_12",0,0,-1,-1,0,0,0,0,0,0,-1,0,0,0,0,1
"MYLLYKANGAS_AMPLIFICATION_HOT_SPOT_5",0,0,-1,0,0,0,0,0,0,0,-1,0,0,0,0,1
"NADELLA_PRKAR1A_TARGETS_UP",0,0,-1,-1,0,-1,-1,0,0,0,-1,0,0,0,0,0
"NAKAYAMA_SOFT_TISSUE_TUMORS_PCA1_DN",0,0,-1,0,0,0,0,0,0,0,-1,0,0,0,0,1
"NIKOLSKY_BREAST_CANCER_15Q26_AMPLICON",0,0,-1,0,0,0,0,0,0,0,-1,0,0,0,0,1
"NIKOLSKY_BREAST_CANCER_17P11_AMPLICON",0,0,-1,0,0,0,0,0,0,0,-1,0,0,0,0,0
"NOUSHMEHR_GBM_GERMLINE_MUTATED",0,0,-1,0,0,0,0,0,0,0,-1,0,0,0,0,0
"NOUZOVA_METHYLATED_IN_APL",0,0,-1,0,0,0,0,0,0,0,-1,0,0,0,0,1
"ODONNELL_METASTASIS_UP",0,0,-1,0,0,0,0,0,0,0,-1,0,0,0,0,1
"PALOMERO_GSI_SENSITIVITY_UP",0,0,-1,-1,-1,0,-1,0,0,-1,-1,0,0,0,0,1
"PASTURAL_RIZ1_TARGETS_DN",0,0,-1,0,0,0,0,0,0,0,-1,0,0,0,0,1
"PETRETTO_BLOOD_PRESSURE_UP",0,0,-1,0,0,0,0,0,0,0,-1,0,0,0,0,0
"PHESSE_TARGETS_OF_APC_AND_MBD2_UP",0,0,-1,0,0,0,0,0,0,0,-1,0,0,0,0,1
"PID_CONE_PATHWAY",0,-1,-1,-1,-1,-1,-1,-1,-1,-1,-1,0,-1,-1,0,1
"PID_ERBB_NETWORK_PATHWAY",0,-1,-1,-1,-1,0,-1,-1,-1,-1,-1,0,0,0,0,1
"PID_RHODOPSIN_PATHWAY",-1,-1,-1,-1,-1,-1,-1,-1,-1,-1,-1,0,-1,-1,0,1
"PID_S1P_S1P4_PATHWAY",0,0,-1,0,0,0,0,0,0,0,-1,0,0,0,0,1
"PID_SYNDECAN_3_PATHWAY",0,0,-1,0,0,0,0,0,0,0,-1,0,0,0,0,1
"PID_VEGF_VEGFR_PATHWAY",0,0,-1,0,0,0,0,0,0,0,-1,0,0,0,0,1
"PIEPOLI_LGI1_TARGETS_UP",0,0,-1,0,0,0,0,0,0,0,-1,0,0,0,0,1
"PLASARI_NFIC_TARGETS_BASAL_UP",0,0,-1,0,0,0,0,0,0,0,-1,0,0,0,0,1
"POMEROY_MEDULLOBLASTOMA_DESMOPLASIC_VS_CLASSIC_UP",0,0,-1,0,0,0,0,0,0,0,-1,0,0,-1,0,1
"PYEON_CANCER_HEAD_AND_NECK_VS_CERVICAL_DN",0,0,-1,0,0,0,0,0,0,0,0,0,0,0,0,0
"PYEON_HPV_POSITIVE_TUMORS_DN",0,0,-1,0,0,0,0,0,0,0,-1,0,0,0,0,0
"RAMJAUN_APOPTOSIS_BY_TGFB1_VIA_SMAD4_DN",0,0,-1,-1,0,0,-1,0,0,0,-1,0,0,0,0,1
"REACTOME_ACETYLCHOLINE_BINDING_AND_DOWNSTREAM_EVENTS",0,0,-1,0,-1,-1,-1,0,0,-1,-1,0,-1,-1,0,1
"REACTOME_ACETYLCHOLINE_NEUROTRANSMITTER_RELEASE_CYCLE",0,0,-1,0,0,-1,0,0,0,-1,-1,0,-1,-1,0,1
"REACTOME_ACTIVATION_OF_KAINATE_RECEPTORS_UPON_GLUTAMATE_BINDING",0,0,-1,0,-1,-1,-1,0,0,-1,-1,0,0,0,0,1
"REACTOME_ACTIVATION_OF_NMDA_RECEPTORS_AND_POSTSYNAPTIC_EVENTS",0,0,-1,0,0,-1,0,0,0,0,-1,0,0,0,0,1
"REACTOME_ACTIVATION_OF_THE_PHOTOTRANSDUCTION_CASCADE",-1,-1,-1,-1,-1,-1,-1,-1,-1,-1,-1,0,-1,-1,0,1
"REACTOME_ACTIVATION_OF_THE_TFAP2_AP_2_FAMILY_OF_TRANSCRIPTION_FACTORS",0,0,-1,-1,-1,0,-1,-1,-1,-1,-1,0,0,0,0,1
"REACTOME_ACYL_CHAIN_REMODELING_OF_DAG_AND_TAG",0,0,0,1,1,0,0,0,0,1,0,0,0,0,0,-1
"REACTOME_ADHERENS_JUNCTIONS_INTERACTIONS",0,0,-1,0,0,0,0,0,0,0,-1,0,0,0,0,1
"REACTOME_ADP_SIGNALLING_THROUGH_P2Y_PURINOCEPTOR_1",0,0,-1,0,0,0,0,0,0,-1,-1,0,0,0,0,1
"REACTOME_ADP_SIGNALLING_THROUGH_P2Y_PURINOCEPTOR_12",0,0,-1,-1,-1,0,-1,0,0,-1,-1,0,0,0,0,1
"REACTOME_ADRENALINE_NORADRENALINE_INHIBITS_INSULIN_SECRETION",0,0,-1,0,0,-1,0,0,0,-1,-1,0,0,0,0,1
"REACTOME_AMINO_ACID_CONJUGATION",0,0,0,1,1,1,1,0,0,1,0,0,0,0,-1,-1
"REACTOME_AMINO_ACID_TRANSPORT_ACROSS_THE_PLASMA_MEMBRANE",0,0,-1,-1,0,0,0,0,0,0,-1,0,0,0,0,1
"REACTOME_ANDROGEN_BIOSYNTHESIS",0,0,-1,0,0,0,0,0,0,0,-1,0,1,0,0,1
"REACTOME_AQUAPORIN_MEDIATED_TRANSPORT",0,0,-1,0,0,0,0,0,0,0,-1,0,0,0,0,1
"REACTOME_ASSEMBLY_AND_CELL_SURFACE_PRESENTATION_OF_NMDA_RECEPTORS",0,0,-1,0,0,-1,0,0,0,0,-1,0,0,0,0,1
"REACTOME_BBSOME_MEDIATED_CARGO_TARGETING_TO_CILIUM",0,0,-1,-1,0,0,-1,0,0,0,-1,0,0,0,0,1
"REACTOME_BICARBONATE_TRANSPORTERS",0,0,-1,0,0,0,0,0,0,-1,-1,0,0,0,0,1
"REACTOME_BLOOD_GROUP_SYSTEMS_BIOSYNTHESIS",0,0,-1,-1,-1,-1,-1,0,0,-1,-1,0,0,0,0,1
"REACTOME_CA2_ACTIVATED_K_CHANNELS",0,0,-1,0,0,0,0,0,0,-1,-1,0,0,0,0,0
"REACTOME_CA2_PATHWAY",0,0,-1,0,0,-1,0,0,0,-1,-1,0,0,0,0,1
"REACTOME_CAMK_IV_MEDIATED_PHOSPHORYLATION_OF_CREB",0,0,-1,0,0,0,0,0,0,0,-1,0,0,0,0,0
"REACTOME_CARBOXYTERMINAL_POST_TRANSLATIONAL_MODIFICATIONS_OF_TUBULIN",0,0,-1,0,0,0,0,0,0,0,-1,0,0,0,0,1
"REACTOME_CARDIAC_CONDUCTION",0,0,-1,0,0,-1,0,0,0,0,-1,0,0,0,0,1
"REACTOME_CATION_COUPLED_CHLORIDE_COTRANSPORTERS",0,0,-1,0,0,0,0,0,0,0,-1,0,0,0,0,1
"REACTOME_CA_DEPENDENT_EVENTS",0,0,-1,0,0,0,0,0,0,0,-1,0,0,0,0,0
"REACTOME_CELL_CELL_JUNCTION_ORGANIZATION",0,0,-1,-1,0,0,-1,0,0,0,-1,0,1,0,1,1
"REACTOME_CLASS_C_3_METABOTROPIC_GLUTAMATE_PHEROMONE_RECEPTORS",0,0,-1,0,0,-1,0,0,0,-1,-1,0,0,0,0,1
"REACTOME_COOPERATION_OF_PDCL_PHLP1_AND_TRIC_CCT_IN_G_PROTEIN_BETA_FOLDING",0,0,-1,0,-1,0,-1,0,0,-1,-1,0,0,0,0,1
"REACTOME_CREATINE_METABOLISM",0,0,-1,0,0,-1,0,0,0,0,0,0,-1,0,0,0
"REACTOME_CREB1_PHOSPHORYLATION_THROUGH_NMDA_RECEPTOR_MEDIATED_ACTIVATION_OF_RAS_SIGNALING",0,0,-1,0,0,0,0,0,0,0,-1,0,0,0,0,1
"REACTOME_CRMPS_IN_SEMA3A_SIGNALING",0,0,-1,0,0,0,0,0,0,0,-1,0,0,0,0,1
"REACTOME_CROSS_PRESENTATION_OF_PARTICULATE_EXOGENOUS_ANTIGENS_PHAGOSOMES",0,0,0,1,0,0,0,0,0,1,1,0,0,0,0,0
"REACTOME_DISINHIBITION_OF_SNARE_FORMATION",0,0,-1,0,0,0,0,0,0,-1,-1,0,0,0,0,0
"REACTOME_DOPAMINE_CLEARANCE_FROM_THE_SYNAPTIC_CLEFT",0,0,-1,0,0,1,0,0,0,0,-1,0,0,0,0,1
"REACTOME_DOPAMINE_NEUROTRANSMITTER_RELEASE_CYCLE",0,0,-1,0,0,-1,0,0,0,-1,-1,0,-1,-1,0,1
"REACTOME_DSCAM_INTERACTIONS",0,0,-1,0,0,0,0,0,0,-1,-1,0,0,0,0,1
"REACTOME_EGFR_INTERACTS_WITH_PHOSPHOLIPASE_C_GAMMA",0,-1,-1,-1,-1,0,-1,-1,-1,-1,-1,0,0,0,0,1
"REACTOME_EGR2_AND_SOX10_MEDIATED_INITIATION_OF_SCHWANN_CELL_MYELINATION",0,0,-1,0,0,0,0,0,0,0,-1,0,0,0,0,1
"REACTOME_EICOSANOID_LIGAND_BINDING_RECEPTORS",0,0,0,1,0,1,0,0,0,0,0,0,0,0,0,0
"REACTOME_ERBB2_ACTIVATES_PTK6_SIGNALING",0,0,-1,-1,-1,0,-1,0,0,-1,-1,0,0,0,0,1
"REACTOME_ERBB2_REGULATES_CELL_MOTILITY",0,0,-1,-1,-1,0,-1,-1,0,-1,-1,0,0,0,0,1
"REACTOME_ERYTHROCYTES_TAKE_UP_CARBON_DIOXIDE_AND_RELEASE_OXYGEN",0,0,1,1,1,0,0,0,0,0,0,0,0,0,0,0
"REACTOME_ERYTHROCYTES_TAKE_UP_OXYGEN_AND_RELEASE_CARBON_DIOXIDE",0,0,1,1,1,0,1,0,0,1,1,0,0,0,0,-1
"REACTOME_ESTROGEN_BIOSYNTHESIS",0,0,-1,0,0,0,0,0,0,0,-1,0,0,0,0,1
"REACTOME_EXTRINSIC_PATHWAY_OF_FIBRIN_CLOT_FORMATION",0,0,-1,0,0,0,0,0,0,0,-1,0,0,0,0,1
"REACTOME_FERTILIZATION",0,0,-1,0,0,0,0,0,0,0,-1,0,0,0,0,1
"REACTOME_FGFR1C_LIGAND_BINDING_AND_ACTIVATION",0,0,-1,0,0,0,0,0,0,0,-1,0,0,0,0,1
"REACTOME_FGFR1_LIGAND_BINDING_AND_ACTIVATION",0,0,-1,0,0,0,0,0,0,0,-1,0,0,0,0,1
"REACTOME_FGFR2C_LIGAND_BINDING_AND_ACTIVATION",0,0,-1,0,0,0,0,0,0,0,-1,0,0,0,0,1
"REACTOME_FGFR2_LIGAND_BINDING_AND_ACTIVATION",0,0,-1,0,0,0,0,0,0,0,-1,0,0,0,0,1
"REACTOME_FGFR3B_LIGAND_BINDING_AND_ACTIVATION",0,0,-1,0,0,0,0,0,0,0,-1,0,0,0,0,1
"REACTOME_FGFR3_LIGAND_BINDING_AND_ACTIVATION",0,0,-1,0,0,0,0,0,0,0,-1,0,0,0,0,1
"REACTOME_FGFRL1_MODULATION_OF_FGFR1_SIGNALING",0,0,-1,0,1,0,0,0,0,0,-1,0,0,0,0,1
"REACTOME_FICOLINS_BIND_TO_REPETITIVE_CARBOHYDRATE_STRUCTURES_ON_THE_TARGET_CELL_SURFACE",0,0,1,1,1,1,1,0,0,1,1,0,0,0,0,-1
"REACTOME_GABA_B_RECEPTOR_ACTIVATION",0,0,-1,0,0,0,0,0,0,0,-1,0,0,0,0,1
"REACTOME_GABA_RECEPTOR_ACTIVATION",0,0,-1,0,0,-1,0,0,0,-1,-1,0,0,0,0,1
"REACTOME_GABA_SYNTHESIS_RELEASE_REUPTAKE_AND_DEGRADATION",0,0,-1,0,0,-1,0,0,0,-1,-1,0,-1,-1,0,1
"REACTOME_GLUCAGON_LIKE_PEPTIDE_1_GLP1_REGULATES_INSULIN_SECRETION",0,0,-1,0,0,0,0,0,0,0,-1,0,0,0,0,1
"REACTOME_GLUCAGON_TYPE_LIGAND_RECEPTORS",0,0,-1,0,0,0,0,0,0,-1,-1,0,0,0,0,1
"REACTOME_GLUTAMATE_AND_GLUTAMINE_METABOLISM",0,0,-1,-1,0,0,-1,0,0,-1,-1,0,0,0,0,1
"REACTOME_GLUTAMATE_NEUROTRANSMITTER_RELEASE_CYCLE",0,0,-1,0,0,-1,0,0,0,-1,-1,0,-1,-1,0,1
"REACTOME_GRB2_EVENTS_IN_ERBB2_SIGNALING",0,0,-1,-1,-1,0,-1,-1,0,-1,-1,0,0,0,0,1
"REACTOME_GRB7_EVENTS_IN_ERBB2_SIGNALING",0,0,-1,-1,-1,-1,-1,0,0,0,0,0,0,0,0,0
"REACTOME_G_ALPHA_Z_SIGNALLING_EVENTS",0,0,-1,0,0,0,0,0,0,0,-1,0,0,0,0,1
"REACTOME_G_BETA_GAMMA_SIGNALLING_THROUGH_CDC42",0,0,-1,0,-1,0,-1,0,0,-1,-1,0,0,0,0,1
"REACTOME_G_BETA_GAMMA_SIGNALLING_THROUGH_PI3KGAMMA",0,0,-1,0,0,0,0,0,0,-1,-1,0,0,0,0,1
"REACTOME_G_PROTEIN_ACTIVATION",0,0,-1,0,-1,0,-1,0,0,-1,-1,0,0,0,0,1
"REACTOME_HDL_REMODELING",0,0,-1,-1,0,0,0,0,0,0,-1,0,0,0,0,1
"REACTOME_HIGHLY_CALCIUM_PERMEABLE_NICOTINIC_ACETYLCHOLINE_RECEPTORS",0,0,-1,0,-1,-1,-1,0,0,-1,-1,0,-1,-1,0,1
"REACTOME_HIGHLY_CALCIUM_PERMEABLE_POSTSYNAPTIC_NICOTINIC_ACETYLCHOLINE_RECEPTORS",0,0,-1,0,-1,-1,-1,0,0,-1,-1,0,-1,-1,0,1
"REACTOME_HIGHLY_SODIUM_PERMEABLE_POSTSYNAPTIC_ACETYLCHOLINE_NICOTINIC_RECEPTORS",0,0,-1,0,-1,-1,-1,0,0,-1,-1,0,-1,-1,0,1
"REACTOME_INOSITOL_PHOSPHATE_METABOLISM",0,0,-1,0,0,-1,0,0,0,0,-1,0,0,0,0,1
"REACTOME_INSULIN_PROCESSING",0,0,-1,0,0,0,0,0,0,-1,-1,0,0,0,0,1
"REACTOME_INTERACTION_BETWEEN_L1_AND_ANKYRINS",0,0,-1,0,0,-1,0,0,0,-1,-1,0,0,0,0,1
"REACTOME_INTERLEUKIN_21_SIGNALING",0,0,0,0,0,0,0,0,0,0,0,0,0,0,0,0
"REACTOME_INTERLEUKIN_2_SIGNALING",0,0,0,0,0,0,0,0,0,0,0,0,0,0,0,0
"REACTOME_INTERLEUKIN_9_SIGNALING",0,0,0,0,0,0,0,0,0,0,0,0,0,0,0,0
"REACTOME_INWARDLY_RECTIFYING_K_CHANNELS",0,0,-1,0,0,-1,0,0,0,-1,-1,0,0,0,0,1
"REACTOME_IONOTROPIC_ACTIVITY_OF_KAINATE_RECEPTORS",0,0,-1,0,0,-1,-1,0,0,-1,-1,0,-1,-1,0,1
"REACTOME_ION_CHANNEL_TRANSPORT",0,0,-1,0,0,0,0,0,0,0,-1,0,0,0,0,1
"REACTOME_ION_HOMEOSTASIS",0,0,-1,0,0,0,0,0,0,0,-1,0,0,0,0,0
"REACTOME_ION_TRANSPORT_BY_P_TYPE_ATPASES",0,0,-1,0,0,0,0,0,0,0,-1,0,0,0,0,1
"REACTOME_L1CAM_INTERACTIONS",0,0,-1,0,0,0,0,0,0,0,-1,0,0,0,0,1
"REACTOME_LECTIN_PATHWAY_OF_COMPLEMENT_ACTIVATION",0,0,1,1,1,1,1,0,0,1,1,0,0,0,0,-1
"REACTOME_LGI_ADAM_INTERACTIONS",0,0,-1,0,0,-1,0,0,0,-1,-1,0,0,-1,0,0
"REACTOME_LIPID_PARTICLE_ORGANIZATION",0,0,1,1,1,1,1,0,0,1,1,0,0,0,-1,-1
"REACTOME_LONG_TERM_POTENTIATION",0,0,-1,0,0,-1,0,0,0,0,-1,0,0,0,0,0
"REACTOME_LYSINE_CATABOLISM",0,0,-1,0,0,0,0,0,0,0,0,0,0,0,0,1
"REACTOME_MECP2_REGULATES_TRANSCRIPTION_FACTORS",0,0,-1,0,0,0,0,0,0,0,0,0,0,0,0,1
"REACTOME_METABOLISM_OF_AMINE_DERIVED_HORMONES",0,-1,-1,-1,-1,-1,-1,-1,-1,-1,-1,0,0,0,0,1
"REACTOME_METALLOTHIONEINS_BIND_METALS",0,0,-1,-1,0,0,-1,0,0,0,-1,0,-1,0,0,0
"REACTOME_MET_RECEPTOR_ACTIVATION",0,0,-1,-1,-1,0,-1,0,0,0,0,0,1,0,0,0
"REACTOME_MUSCLE_CONTRACTION",0,0,-1,0,0,0,0,0,0,0,0,0,0,0,0,1
"REACTOME_NADE_MODULATES_DEATH_SIGNALLING",0,0,-1,-1,0,0,-1,-1,0,0,-1,0,0,0,0,1
"REACTOME_NA_CL_DEPENDENT_NEUROTRANSMITTER_TRANSPORTERS",0,0,-1,0,-1,-1,-1,0,0,-1,-1,0,0,0,0,1
"REACTOME_NCAM1_INTERACTIONS",0,0,-1,0,0,0,0,0,0,0,-1,0,0,0,0,1
"REACTOME_NCAM_SIGNALING_FOR_NEURITE_OUT_GROWTH",0,0,-1,0,0,0,0,0,0,0,-1,0,0,0,0,1
"REACTOME_NECTIN_NECL_TRANS_HETERODIMERIZATION",0,0,-1,0,0,0,0,0,0,-1,-1,0,0,0,0,1
"REACTOME_NEF_MEDIATED_CD8_DOWN_REGULATION",0,0,-1,0,0,0,0,0,0,0,0,0,0,0,0,0
"REACTOME_NEGATIVE_REGULATION_OF_ACTIVITY_OF_TFAP2_AP_2_FAMILY_TRANSCRIPTION_FACTORS",0,0,-1,-1,-1,-1,-1,-1,-1,-1,-1,0,0,0,0,1
"REACTOME_NEGATIVE_REGULATION_OF_NMDA_RECEPTOR_MEDIATED_NEURONAL_TRANSMISSION",0,0,-1,0,0,-1,0,0,0,0,-1,0,0,-1,0,0
"REACTOME_NEGATIVE_REGULATION_OF_TCF_DEPENDENT_SIGNALING_BY_WNT_LIGAND_ANTAGONISTS",0,0,-1,0,0,0,0,0,0,0,-1,0,0,0,0,1
"REACTOME_NETRIN_MEDIATED_REPULSION_SIGNALS",0,0,-1,0,0,0,0,0,0,0,-1,0,0,0,0,1
"REACTOME_NEUREXINS_AND_NEUROLIGINS",0,0,-1,0,0,-1,0,0,0,-1,-1,0,-1,-1,0,1
"REACTOME_NEUROFASCIN_INTERACTIONS",0,0,-1,0,0,0,0,0,0,-1,-1,0,0,0,0,1
"REACTOME_NEURONAL_SYSTEM",0,0,-1,0,0,-1,0,0,0,-1,-1,0,0,-1,0,1
"REACTOME_NEUROTOXICITY_OF_CLOSTRIDIUM_TOXINS",0,0,-1,0,0,-1,0,0,0,-1,-1,0,0,0,0,1
"REACTOME_NEUROTRANSMITTER_CLEARANCE",0,0,-1,0,0,0,0,0,0,0,-1,0,1,0,0,1
"REACTOME_NEUROTRANSMITTER_RECEPTORS_AND_POSTSYNAPTIC_SIGNAL_TRANSMISSION",0,0,-1,0,0,-1,0,0,0,-1,-1,0,0,-1,0,1
"REACTOME_NEUROTRANSMITTER_RELEASE_CYCLE",0,0,-1,0,0,-1,0,0,0,-1,-1,0,-1,-1,0,1
"REACTOME_NOREPINEPHRINE_NEUROTRANSMITTER_RELEASE_CYCLE",0,0,-1,0,0,-1,0,0,0,-1,-1,0,-1,-1,0,1
"REACTOME_NRCAM_INTERACTIONS",0,0,-1,0,0,-1,0,0,0,-1,-1,0,0,0,0,1
"REACTOME_NUCLEAR_RECEPTOR_TRANSCRIPTION_PATHWAY",0,0,-1,0,0,0,0,0,0,0,-1,0,0,0,0,1
"REACTOME_OLFACTORY_SIGNALING_PATHWAY",0,0,-1,-1,-1,-1,-1,-1,0,-1,-1,0,0,0,0,1
"REACTOME_OPSINS",0,-1,-1,-1,-1,-1,-1,-1,-1,-1,-1,0,-1,-1,0,1
"REACTOME_ORGANIC_ANION_TRANSPORTERS",0,0,-1,0,0,0,0,0,0,0,-1,0,-1,-1,0,0
"REACTOME_P75NTR_REGULATES_AXONOGENESIS",0,0,-1,0,0,-1,0,0,0,-1,-1,0,0,0,0,0
"REACTOME_PD_1_SIGNALING",0,0,0,0,0,0,0,0,0,0,0,0,0,0,0,0
"REACTOME_PHASE_0_RAPID_DEPOLARISATION",0,0,-1,0,0,-1,0,0,0,0,-1,0,0,0,0,1
"REACTOME_PHASE_1_INACTIVATION_OF_FAST_NA_CHANNELS",0,0,-1,0,0,0,0,0,0,0,-1,0,0,0,0,0
"REACTOME_PHASE_2_PLATEAU_PHASE",0,0,-1,0,0,-1,0,0,0,-1,-1,0,0,0,0,1
"REACTOME_PHASE_3_RAPID_REPOLARISATION",0,0,-1,-1,-1,0,-1,0,0,0,0,0,0,0,0,1
"REACTOME_PHASE_4_RESTING_MEMBRANE_POTENTIAL",0,0,-1,-1,-1,0,-1,0,0,0,-1,0,0,0,0,1
"REACTOME_PHOSPHOLIPASE_C_MEDIATED_CASCADE_FGFR2",0,0,-1,1,0,0,0,0,0,0,-1,0,0,0,0,1
"REACTOME_PI3K_EVENTS_IN_ERBB2_SIGNALING",0,0,-1,-1,0,0,0,0,0,0,-1,0,0,0,0,1
"REACTOME_POTASSIUM_CHANNELS",0,0,-1,0,0,-1,0,0,0,-1,-1,0,0,0,0,1
"REACTOME_POU5F1_OCT4_SOX2_NANOG_ACTIVATE_GENES_RELATED_TO_PROLIFERATION",0,0,-1,-1,0,0,0,0,0,0,0,0,0,0,0,0
"REACTOME_POU5F1_OCT4_SOX2_NANOG_REPRESS_GENES_RELATED_TO_DIFFERENTIATION",0,0,-1,0,0,0,0,0,0,0,0,0,0,0,0,0
"REACTOME_PRESYNAPTIC_DEPOLARIZATION_AND_CALCIUM_CHANNEL_OPENING",0,0,-1,0,0,-1,0,0,0,-1,-1,0,0,0,0,1
"REACTOME_PRESYNAPTIC_FUNCTION_OF_KAINATE_RECEPTORS",0,0,-1,0,0,-1,0,0,0,-1,-1,0,0,0,0,1
"REACTOME_PRESYNAPTIC_NICOTINIC_ACETYLCHOLINE_RECEPTORS",0,0,-1,0,-1,-1,-1,0,0,-1,-1,0,-1,-1,0,1
"REACTOME_PROSTACYCLIN_SIGNALLING_THROUGH_PROSTACYCLIN_RECEPTOR",0,0,-1,-1,-1,0,-1,0,0,-1,-1,0,0,0,0,1
"REACTOME_PROSTANOID_LIGAND_RECEPTORS",0,0,0,1,1,0,1,0,0,1,0,0,0,0,0,-1
"REACTOME_PROTEIN_PROTEIN_INTERACTIONS_AT_SYNAPSES",0,0,-1,0,0,-1,0,0,0,-1,-1,0,-1,-1,0,1
"REACTOME_RAS_ACTIVATION_UPON_CA2_INFLUX_THROUGH_NMDA_RECEPTOR",0,0,-1,0,0,-1,0,0,0,0,-1,0,0,-1,0,1
"REACTOME_RECEPTOR_TYPE_TYROSINE_PROTEIN_PHOSPHATASES",0,0,-1,0,0,0,0,0,0,0,-1,0,-1,-1,0,1
"REACTOME_RECYCLING_PATHWAY_OF_L1",0,0,-1,0,0,0,0,0,0,0,-1,0,0,0,0,1
"REACTOME_REDUCTION_OF_CYTOSOLIC_CA_LEVELS",0,0,-1,0,0,0,0,0,0,-1,-1,0,-1,-1,0,0
"REACTOME_REGULATION_OF_COMMISSURAL_AXON_PATHFINDING_BY_SLIT_AND_ROBO",0,0,-1,0,0,0,0,0,0,0,-1,0,0,0,0,1
"REACTOME_REGULATION_OF_GENE_EXPRESSION_BY_HYPOXIA_INDUCIBLE_FACTOR",0,0,-1,0,0,0,0,0,0,0,-1,0,1,0,0,1
"REACTOME_REGULATION_OF_INSULIN_SECRETION",0,0,-1,0,0,-1,0,0,0,0,-1,0,0,0,0,1
"REACTOME_RESPONSE_TO_METAL_IONS",0,0,-1,-1,-1,0,-1,0,0,-1,-1,0,-1,0,0,0
"REACTOME_RETINOID_CYCLE_DISEASE_EVENTS",0,-1,-1,-1,-1,-1,-1,-1,-1,-1,-1,0,0,0,0,1
"REACTOME_RETROGRADE_NEUROTROPHIN_SIGNALLING",0,0,-1,0,0,0,0,0,0,0,-1,0,0,0,0,1
"REACTOME_ROBO_RECEPTORS_BIND_AKAP5",0,0,-1,0,0,0,0,0,0,0,-1,0,0,0,0,1
"REACTOME_ROLE_OF_SECOND_MESSENGERS_IN_NETRIN_1_SIGNALING",0,0,-1,0,0,0,0,0,0,0,-1,0,0,0,0,1
"REACTOME_RSK_ACTIVATION",0,0,-1,0,0,0,0,0,0,0,-1,0,0,0,0,1
"REACTOME_RUNX1_AND_FOXP3_CONTROL_THE_DEVELOPMENT_OF_REGULATORY_T_LYMPHOCYTES_TREGS",0,0,0,0,0,0,0,0,0,0,0,0,0,0,0,0
"REACTOME_SCAVENGING_BY_CLASS_B_RECEPTORS",0,0,0,1,1,1,0,0,0,1,0,0,0,0,0,-1
"REACTOME_SENSORY_PERCEPTION",0,-1,-1,-1,-1,-1,-1,-1,-1,-1,-1,0,0,0,0,1
"REACTOME_SENSORY_PERCEPTION_OF_TASTE",0,0,-1,0,0,-1,0,0,0,0,-1,0,0,0,0,1
"REACTOME_SENSORY_PROCESSING_OF_SOUND",0,0,-1,0,-1,0,-1,0,0,-1,-1,0,0,0,0,1
"REACTOME_SENSORY_PROCESSING_OF_SOUND_BY_OUTER_HAIR_CELLS_OF_THE_COCHLEA",0,0,-1,-1,-1,0,-1,-1,0,-1,-1,0,0,0,0,1
"REACTOME_SEROTONIN_NEUROTRANSMITTER_RELEASE_CYCLE",0,0,-1,0,0,-1,0,0,0,-1,-1,0,-1,-1,0,1
"REACTOME_SHC1_EVENTS_IN_ERBB2_SIGNALING",0,0,-1,-1,-1,0,-1,0,0,-1,-1,0,0,0,0,1
"REACTOME_SIGNALING_BY_LRP5_MUTANTS",0,0,-1,0,0,1,0,0,0,0,0,0,0,0,0,0
"REACTOME_SIGNALING_BY_RNF43_MUTANTS",0,0,-1,0,0,0,0,0,0,0,-1,0,0,0,0,1
"REACTOME_SIGNAL_AMPLIFICATION",0,0,-1,0,0,0,0,0,0,-1,-1,0,0,0,0,1
"REACTOME_SODIUM_CALCIUM_EXCHANGERS",0,0,-1,0,0,-1,0,0,0,-1,-1,0,0,0,0,1
"REACTOME_SODIUM_COUPLED_PHOSPHATE_COTRANSPORTERS",0,-1,-1,-1,-1,-1,-1,0,0,-1,-1,0,0,1,0,0
"REACTOME_SPERM_MOTILITY_AND_TAXES",0,0,-1,-1,0,0,0,-1,0,0,-1,0,0,0,0,1
"REACTOME_STIMULI_SENSING_CHANNELS",0,0,-1,0,0,0,0,0,0,0,-1,0,0,0,0,1
"REACTOME_STRIATED_MUSCLE_CONTRACTION",0,0,0,0,0,0,0,0,0,0,1,0,0,0,-1,0
"REACTOME_SYNAPTIC_ADHESION_LIKE_MOLECULES",0,0,-1,0,0,0,0,0,0,-1,-1,0,0,0,0,1
"REACTOME_SYNTHESIS_OF_IP2_IP_AND_INS_IN_THE_CYTOSOL",0,0,-1,0,0,0,0,0,0,0,-1,0,0,0,0,1
"REACTOME_SYNTHESIS_OF_IP3_AND_IP4_IN_THE_CYTOSOL",0,0,-1,0,0,0,0,0,0,-1,-1,0,0,0,0,1
"REACTOME_SYNTHESIS_OF_PI",0,0,-1,0,-1,-1,-1,0,0,-1,-1,0,0,0,0,1
"REACTOME_SYNTHESIS_OF_PYROPHOSPHATES_IN_THE_CYTOSOL",0,0,-1,-1,0,0,-1,0,0,0,-1,0,0,0,0,1
"REACTOME_TANDEM_PORE_DOMAIN_POTASSIUM_CHANNELS",0,0,-1,-1,-1,0,-1,0,0,0,-1,0,0,0,0,1
"REACTOME_TFAP2_AP_2_FAMILY_REGULATES_TRANSCRIPTION_OF_GROWTH_FACTORS_AND_THEIR_RECEPTORS",0,-1,-1,-1,-1,-1,-1,-1,-1,-1,-1,0,1,1,0,1
"REACTOME_THE_CANONICAL_RETINOID_CYCLE_IN_RODS_TWILIGHT_VISION",0,-1,-1,-1,-1,-1,-1,-1,-1,-1,-1,0,-1,-1,0,1
"REACTOME_THE_PHOTOTRANSDUCTION_CASCADE",0,-1,-1,-1,-1,-1,-1,-1,-1,-1,-1,0,-1,-1,0,1
"REACTOME_THE_RETINOID_CYCLE_IN_CONES_DAYLIGHT_VISION",-1,-1,-1,-1,-1,-1,-1,-1,-1,-1,-1,0,-1,-1,0,1
"REACTOME_THROMBIN_SIGNALLING_THROUGH_PROTEINASE_ACTIVATED_RECEPTORS_PARS",0,0,-1,0,0,0,0,0,0,-1,-1,0,0,0,0,1
"REACTOME_THROMBOXANE_SIGNALLING_THROUGH_TP_RECEPTOR",0,0,-1,0,-1,0,-1,0,0,-1,-1,0,0,0,0,1
"REACTOME_TIGHT_JUNCTION_INTERACTIONS",0,0,-1,-1,-1,-1,-1,0,0,0,-1,0,1,0,0,0
"REACTOME_TOXICITY_OF_BOTULINUM_TOXIN_TYPE_D_BOTD",0,0,-1,0,0,-1,0,0,0,-1,-1,0,-1,-1,0,1
"REACTOME_TRAFFICKING_OF_AMPA_RECEPTORS",0,0,-1,0,0,-1,0,0,0,-1,-1,0,-1,-1,0,1
"REACTOME_TRAFFICKING_OF_GLUR2_CONTAINING_AMPA_RECEPTORS",0,0,-1,0,0,-1,0,0,0,-1,-1,0,-1,-1,0,1
"REACTOME_TRANSCRIPTIONAL_REGULATION_BY_MECP2",0,0,-1,0,0,-1,0,0,0,-1,-1,0,-1,-1,0,1
"REACTOME_TRANSCRIPTIONAL_REGULATION_OF_TESTIS_DIFFERENTIATION",0,0,-1,0,0,0,0,0,0,0,0,0,0,0,0,0
"REACTOME_TRANSMISSION_ACROSS_CHEMICAL_SYNAPSES",0,0,-1,0,0,-1,0,0,0,-1,-1,0,0,-1,0,1
"REACTOME_TRANSPORT_OF_CONNEXONS_TO_THE_PLASMA_MEMBRANE",0,0,-1,0,0,0,0,0,0,0,0,0,0,0,0,0
"REACTOME_TRANSPORT_OF_FATTY_ACIDS",0,0,-1,0,0,0,0,0,0,0,0,0,0,0,0,0
"REACTOME_TRANSPORT_OF_INORGANIC_CATIONS_ANIONS_AND_AMINO_ACIDS_OLIGOPEPTIDES",0,0,-1,0,0,0,0,0,0,-1,-1,0,0,0,0,1
"REACTOME_TRANSPORT_OF_ORGANIC_ANIONS",0,0,-1,0,0,0,0,0,0,0,-1,0,0,0,0,0
"REACTOME_UNBLOCKING_OF_NMDA_RECEPTORS_GLUTAMATE_BINDING_AND_ACTIVATION",0,0,-1,0,0,-1,0,0,0,-1,-1,0,0,0,0,1
"REACTOME_UPTAKE_AND_ACTIONS_OF_BACTERIAL_TOXINS",0,0,-1,0,0,0,0,0,0,0,-1,0,0,0,0,1
"REACTOME_VASOPRESSIN_REGULATES_RENAL_WATER_HOMEOSTASIS_VIA_AQUAPORINS",0,0,-1,0,0,0,0,0,0,0,-1,0,0,0,0,1
"REACTOME_VEGF_LIGAND_RECEPTOR_INTERACTIONS",0,0,-1,0,0,0,0,0,0,0,-1,0,0,0,0,1
"REACTOME_VISUAL_PHOTOTRANSDUCTION",0,-1,-1,-1,-1,-1,-1,-1,-1,-1,-1,0,0,-1,0,1
"REACTOME_VOLTAGE_GATED_POTASSIUM_CHANNELS",0,0,-1,0,0,-1,0,0,0,-1,-1,0,0,0,0,0
"REACTOME_VXPX_CARGO_TARGETING_TO_CILIUM",0,0,-1,-1,0,0,-1,0,0,-1,-1,0,0,0,0,1
"REACTOME_WNT5A_DEPENDENT_INTERNALIZATION_OF_FZD4",0,0,-1,0,0,0,0,0,0,0,-1,0,0,0,0,1
"REACTOME_WNT_MEDIATED_ACTIVATION_OF_DVL",0,0,-1,0,0,0,0,0,0,0,0,0,0,0,0,0
"REN_ALVEOLAR_RHABDOMYOSARCOMA_UP",0,0,-1,0,0,0,0,0,0,0,-1,0,0,0,0,1
"RICKMAN_HEAD_AND_NECK_CANCER_A",0,0,-1,0,0,-1,0,0,0,0,-1,0,0,0,0,1
"RICKMAN_HEAD_AND_NECK_CANCER_B",0,-1,-1,-1,-1,0,-1,-1,-1,-1,-1,0,0,0,0,1
"RICKMAN_HEAD_AND_NECK_CANCER_C",0,0,-1,0,0,0,0,0,0,0,-1,0,0,0,0,1
"RICKMAN_HEAD_AND_NECK_CANCER_F",0,0,0,0,0,0,0,0,0,0,0,0,0,0,-1,0
"RIZ_ERYTHROID_DIFFERENTIATION_APOBEC2",0,0,-1,0,0,-1,0,0,0,0,-1,0,0,0,0,1
"RORIE_TARGETS_OF_EWSR1_FLI1_FUSION_DN",0,0,-1,0,0,-1,0,0,0,-1,-1,0,-1,-1,0,1
"ROYLANCE_BREAST_CANCER_16Q_COPY_NUMBER_UP",0,0,-1,0,0,0,0,0,0,0,-1,0,1,0,0,1
"SAKAI_TUMOR_INFILTRATING_MONOCYTES_UP",0,0,-1,0,0,0,0,0,0,0,-1,0,0,0,0,1
"SAMOLS_TARGETS_OF_KHSV_MIRNAS_UP",0,0,-1,-1,-1,0,-1,-1,-1,0,-1,0,0,0,0,1
"SASAI_TARGETS_OF_CXCR6_AND_PTCH1_UP",0,0,-1,-1,-1,0,-1,0,0,-1,-1,0,0,0,0,1
"SASSON_FSH_RESPONSE",0,0,-1,0,0,0,0,0,0,0,-1,0,0,0,0,1
"SCHAEFFER_PROSTATE_DEVELOPMENT_12HR_DN",0,0,-1,0,0,0,0,0,0,0,-1,0,0,0,0,1
"SCHAEFFER_PROSTATE_DEVELOPMENT_AND_CANCER_BOX2_UP",0,0,-1,0,0,0,0,0,0,0,-1,0,0,0,0,0
"SCHAEFFER_PROSTATE_DEVELOPMENT_AND_CANCER_BOX3",0,0,-1,-1,0,0,0,0,0,0,-1,0,0,0,0,1
"SCHAEFFER_PROSTATE_DEVELOPMENT_AND_CANCER_BOX5_DN",0,0,-1,-1,0,0,-1,0,0,0,-1,0,0,0,0,1
"SCHLESINGER_H3K27ME3_IN_NORMAL_AND_METHYLATED_IN_CANCER",0,0,-1,0,0,0,0,0,0,0,-1,0,0,0,0,1
"SCHLESINGER_METHYLATED_IN_COLON_CANCER",0,0,-1,0,0,0,0,0,0,0,-1,0,0,0,0,1
"SETLUR_PROSTATE_CANCER_TMPRSS2_ERG_FUSION_DN",0,-1,-1,-1,-1,-1,-1,-1,-1,-1,-1,0,0,0,0,1
"SHARMA_PILOCYTIC_ASTROCYTOMA_LOCATION_DN",0,0,-1,0,0,0,0,0,0,0,-1,0,0,0,0,1
"SHARMA_PILOCYTIC_ASTROCYTOMA_LOCATION_UP",0,0,-1,-1,0,0,0,-1,-1,0,-1,0,0,0,0,1
"SHEDDEN_LUNG_CANCER_GOOD_SURVIVAL_A5",0,0,-1,0,0,0,0,0,0,0,-1,0,0,0,0,0
"SHEN_SMARCA2_TARGETS_DN",0,0,-1,0,0,0,0,0,0,-1,-1,0,0,0,0,1
"SHETH_LIVER_CANCER_VS_TXNIP_LOSS_PAM5",0,0,-1,-1,-1,-1,-1,0,0,-1,-1,0,0,0,0,1
"SHIPP_DLBCL_CURED_VS_FATAL_UP",0,0,-1,-1,-1,-1,-1,0,0,-1,-1,0,0,0,0,1
"SHIRAISHI_PLZF_TARGETS_DN",0,0,-1,0,0,0,0,0,0,0,-1,0,-1,0,0,0
"SILIGAN_BOUND_BY_EWS_FLT1_FUSION",0,0,-1,0,0,0,0,0,0,0,-1,0,0,0,0,1
"SILIGAN_TARGETS_OF_EWS_FLI1_FUSION_UP",0,0,-1,0,0,0,0,0,0,0,-1,0,0,0,0,1
"SMID_BREAST_CANCER_LUMINAL_B_UP",0,0,-1,0,0,-1,0,0,0,-1,-1,0,0,0,0,1
"SMID_BREAST_CANCER_NORMAL_LIKE_DN",0,-1,-1,-1,-1,0,-1,-1,-1,-1,-1,0,1,0,0,1
"SMID_BREAST_CANCER_RELAPSE_IN_LIVER_DN",0,0,-1,0,0,0,0,0,0,0,-1,0,0,0,0,0
"SMID_BREAST_CANCER_RELAPSE_IN_LUNG_UP",0,0,-1,0,0,-1,-1,0,0,-1,-1,0,0,0,1,1
"SMID_BREAST_CANCER_RELAPSE_IN_PLEURA_UP",0,0,-1,0,0,0,0,0,0,0,-1,0,0,0,0,1
"STARK_BRAIN_22Q11_DELETION",0,0,-1,0,0,-1,0,0,0,-1,-1,0,0,0,0,1
"STARK_HYPPOCAMPUS_22Q11_DELETION_UP",0,0,-1,0,0,0,0,0,0,0,-1,0,0,0,0,1
"STARK_PREFRONTAL_CORTEX_22Q11_DELETION_UP",0,0,-1,0,0,-1,0,0,0,0,-1,0,0,0,0,1
"STEGER_ADIPOGENESIS_UP",0,0,0,1,1,1,0,0,0,1,0,0,0,0,-1,-1
"SU_SALIVARY_GLAND",0,0,-1,0,0,-1,0,0,0,-1,-1,0,0,0,0,1
"SU_THYMUS",0,0,0,0,0,0,0,0,0,0,0,0,0,0,0,0
"TAKADA_GASTRIC_CANCER_COPY_NUMBER_DN",0,0,-1,0,0,0,0,0,0,0,-1,0,-1,0,0,1
"TERAMOTO_OPN_TARGETS_CLUSTER_3",0,0,-1,-1,0,0,0,0,0,-1,-1,0,0,0,0,1
"TERAMOTO_OPN_TARGETS_CLUSTER_8",0,0,-1,0,0,0,0,0,0,0,-1,0,0,0,0,0
"TERAO_AOX4_TARGETS_SKIN_DN",0,0,-1,0,0,0,0,0,0,0,-1,0,0,0,0,1
"TESAR_ALK_AND_JAK_TARGETS_MOUSE_ES_D4_UP",0,0,-1,-1,-1,-1,-1,0,0,-1,-1,0,-1,-1,0,1
"TESAR_ALK_TARGETS_EPISC_3D_UP",0,0,-1,0,0,0,0,0,0,0,-1,0,0,0,0,1
"TESAR_ALK_TARGETS_EPISC_4D_UP",0,0,-1,0,0,-1,0,0,0,-1,-1,0,-1,-1,0,1
"TESAR_ALK_TARGETS_HUMAN_ES_5D_UP",0,0,-1,-1,-1,-1,-1,0,0,-1,-1,0,-1,-1,0,1
"TOMIDA_LUNG_CANCER_POOR_SURVIVAL",0,0,-1,-1,-1,0,-1,-1,-1,-1,-1,0,0,0,0,1
"TOMLINS_METASTASIS_UP",0,0,-1,0,0,0,0,0,0,-1,-1,0,-1,0,0,1
"TONKS_TARGETS_OF_RUNX1_RUNX1T1_FUSION_SUSTAINED_IN_MONOCYTE_DN",0,0,1,1,0,0,0,0,0,0,0,0,0,0,0,-1
"TORCHIA_TARGETS_OF_EWSR1_FLI1_FUSION_TOP20_UP",0,0,-1,0,0,0,0,0,0,0,-1,0,0,0,0,0
"TSUDA_ALVEOLAR_SOFT_PART_SARCOMA",0,0,-1,0,0,0,0,0,0,0,-1,0,0,0,0,1
"TSUTSUMI_FBXW8_TARGETS",0,0,-1,-1,0,0,0,0,0,0,-1,0,0,0,0,1
"TUOMISTO_TUMOR_SUPPRESSION_BY_COL13A1_DN",0,0,-1,-1,-1,0,-1,-1,-1,-1,-1,0,0,0,0,1
"ULE_SPLICING_VIA_NOVA2",0,0,-1,0,0,0,0,0,0,-1,-1,0,0,0,0,1
"VALK_AML_CLUSTER_16",0,0,-1,0,0,0,0,0,0,0,-1,0,0,0,0,1
"VALK_AML_CLUSTER_7",0,0,-1,-1,0,0,-1,0,0,0,0,0,0,0,0,1
"VANDESLUIS_COMMD1_TARGETS_GROUP_3_DN",0,0,-1,0,0,0,0,0,0,0,-1,0,0,0,0,1
"VANDESLUIS_COMMD1_TARGETS_GROUP_4_DN",0,0,-1,0,0,0,0,0,0,0,-1,0,0,0,0,1
"VANDESLUIS_COMMD1_TARGETS_GROUP_4_UP",0,0,-1,-1,0,0,0,0,0,0,-1,0,0,0,0,1
"VERHAAK_GLIOBLASTOMA_NEURAL",0,0,-1,0,0,0,0,0,0,0,-1,0,-1,0,0,0
"VERHAAK_GLIOBLASTOMA_PRONEURAL",0,0,-1,0,0,-1,0,0,0,-1,-1,0,-1,-1,0,1
"VICENT_METASTASIS_UP",0,0,-1,0,0,0,0,0,0,0,-1,0,0,0,0,1
"VILIMAS_NOTCH1_TARGETS_DN",0,0,0,1,0,0,0,0,0,0,0,0,0,0,0,0
"WACKER_HYPOXIA_TARGETS_OF_VHL",0,0,-1,-1,0,0,-1,0,-1,0,-1,0,0,0,0,1
"WALLACE_PROSTATE_CANCER_DN",0,0,-1,0,0,0,0,0,0,0,-1,0,0,0,0,1
"WANG_CLASSIC_ADIPOGENIC_TARGETS_OF_PPARG",0,0,0,1,1,1,0,0,0,1,0,0,0,0,0,-1
"WANG_LSD1_TARGETS_DN",0,0,-1,0,0,-1,0,0,0,-1,-1,0,0,0,0,1
"WATANABE_COLON_CANCER_MSI_VS_MSS_DN",0,0,-1,-1,-1,-1,-1,-1,-1,-1,-1,0,0,0,0,1
"WATANABE_ULCERATIVE_COLITIS_WITH_CANCER_DN",0,0,0,0,0,0,0,0,0,0,0,0,0,0,0,0
"WIEMANN_TELOMERE_SHORTENING_AND_CHRONIC_LIVER_DAMAGE_DN",0,0,0,0,0,0,0,0,0,0,0,0,0,0,0,0
"WILLIAMS_ESR1_TARGETS_DN",0,0,-1,0,0,0,0,0,0,0,-1,0,1,0,0,0
"WP_ALANINE_AND_ASPARTATE_METABOLISM",0,0,-1,0,0,0,0,0,0,0,-1,0,0,0,0,0
"WP_ARACHIDONATE_EPOXYGENASE_EPOXIDE_HYDROLASE",0,0,0,-1,0,0,0,0,0,0,1,0,0,0,0,0
"WP_BIOGENIC_AMINE_SYNTHESIS",0,0,-1,0,-1,-1,-1,0,0,-1,-1,0,0,0,0,1
"WP_BIOMARKERS_FOR_UREA_CYCLE_DISORDERS",0,0,-1,0,0,0,0,0,0,0,-1,0,0,0,0,0
"WP_BONE_MORPHOGENIC_PROTEIN_BMP_SIGNALING_AND_REGULATION",0,0,-1,0,0,0,0,0,0,0,-1,0,0,0,0,1
"WP_CALCIUM_REGULATION_IN_CARDIAC_CELLS",0,0,-1,0,0,0,0,0,0,0,-1,0,0,0,0,1
"WP_CARDIAC_PROGENITOR_DIFFERENTIATION",0,0,-1,0,0,0,0,0,0,0,0,0,0,0,0,0
"WP_CELLTYPE_DEPENDENT_SELECTIVITY_OF_CCK2R_SIGNALING",0,0,-1,0,0,0,0,0,0,0,-1,0,0,0,0,0
"WP_CILIOPATHIES",0,-1,-1,-1,-1,-1,-1,-1,-1,-1,-1,0,0,0,0,1
"WP_COMMON_PATHWAYS_UNDERLYING_DRUG_ADDICTION",0,0,-1,0,0,0,0,0,0,0,-1,0,0,-1,0,1
"WP_CONTROL_OF_IMMUNE_TOLERANCE_BY_VASOACTIVE_INTESTINAL_PEPTIDE",0,0,0,0,0,0,0,0,0,0,0,0,0,0,0,0
"WP_DISRUPTION_OF_POSTSYNAPTIC_SIGNALING_BY_CNV",0,0,-1,0,0,-1,0,0,0,0,-1,0,-1,-1,0,1
"WP_DOPAMINERGIC_NEUROGENESIS",0,0,-1,-1,-1,0,-1,-1,-1,-1,-1,0,0,0,0,1
"WP_DOPAMINE_METABOLISM",0,0,-1,0,0,0,0,0,0,0,-1,0,0,0,0,1
"WP_ECTODERM_DIFFERENTIATION",0,0,-1,0,0,0,0,0,0,0,-1,0,0,0,0,1
"WP_EDA_SIGNALING_IN_HAIR_FOLLICLE_DEVELOPMENT",0,0,1,0,0,0,0,0,0,0,0,0,0,0,0,-1
"WP_FOXP3_IN_COVID19",0,0,0,0,0,0,0,0,0,0,0,0,0,0,0,0
"WP_FRAGILE_X_SYNDROME",0,0,-1,0,0,-1,0,0,0,0,-1,0,0,-1,0,1
"WP_GABA_RECEPTOR_SIGNALING",0,0,-1,0,0,-1,0,0,0,-1,-1,0,0,0,0,1
"WP_GANGLIO_SPHINGOLIPID_METABOLISM",0,0,-1,0,0,0,0,0,0,-1,-1,0,-1,0,0,1
"WP_GASTRIC_ACID_PRODUCTION",0,0,-1,0,0,-1,0,0,0,-1,-1,0,0,0,0,0
"WP_GLIAL_CELL_DIFFERENTIATION",0,0,0,0,0,-1,0,0,0,0,-1,0,-1,0,0,0
"WP_GPCRS_CLASS_C_METABOTROPIC_GLUTAMATE_PHEROMONE",0,0,-1,0,0,-1,0,0,0,-1,-1,0,0,0,0,1
"WP_INTRAFLAGELLAR_TRANSPORT_PROTEINS_BINDING_TO_DYNEIN",0,0,-1,0,0,0,0,0,0,0,-1,0,0,0,0,1
"WP_KALLMANN_SYNDROME",0,0,-1,0,0,0,0,0,0,0,-1,0,0,0,0,1
"WP_LINOLEIC_ACID_METABOLISM_AFFECTED_BY_CORONAVIRUS_INFECTION",0,0,-1,0,0,0,0,0,0,0,-1,0,0,0,0,1
"WP_LNCRNAMEDIATED_MECHANISMS_OF_THERAPEUTIC_RESISTANCE",0,0,-1,0,0,0,0,0,0,0,-1,0,0,0,0,1
"WP_MAMMALIAN_DISORDER_OF_SEXUAL_DEVELOPMENT",0,0,-1,0,0,0,0,0,0,0,-1,0,0,0,0,0
"WP_MBDNF_AND_PROBDNF_REGULATION_OF_GABA_NEUROTRANSMISSION",0,0,-1,0,0,-1,0,0,0,-1,-1,0,0,0,0,1
"WP_MED_AND_PSEUDOACHONDROPLASIA_GENES",0,0,-1,-1,-1,0,-1,0,0,0,-1,0,0,0,0,1
"WP_NEPHROGENESIS",0,0,-1,0,0,0,0,0,0,0,-1,0,0,0,0,1
"WP_NEUROINFLAMMATION_AND_GLUTAMATERGIC_SIGNALING",0,0,-1,0,0,0,0,0,0,0,-1,0,0,0,0,1
"WP_NICOTINE_EFFECT_ON_DOPAMINERGIC_NEURONS",0,0,-1,0,0,0,0,0,0,0,-1,0,0,0,0,1
"WP_NICOTINE_METABOLISM_IN_LIVER_CELLS",0,0,0,0,1,0,0,0,0,0,0,0,0,0,0,0
"WP_NOCGMPPKG_MEDIATED_NEUROPROTECTION",0,0,-1,0,0,0,0,0,0,0,-1,0,0,0,0,1
"WP_OLIGODENDROCYTE_SPECIFICATION_AND_DIFFERENTIATION_LEADING_TO_MYELIN_COMPONENTS_FOR_CNS",0,0,-1,0,0,-1,0,0,0,0,-1,0,-1,-1,0,0
"WP_PATHOGENESIS_OF_SARSCOV2_MEDIATED_BY_NSP9NSP10_COMPLEX",0,0,0,0,0,0,0,0,0,0,0,0,1,0,0,0
"WP_PHOSPHODIESTERASES_IN_NEURONAL_FUNCTION",0,0,-1,0,0,0,0,0,0,0,-1,0,0,0,0,1
"WP_PKCGAMMA_CALCIUM_SIGNALING_PATHWAY_IN_ATAXIA",0,0,-1,0,0,-1,0,0,0,-1,-1,0,0,0,0,0
"WP_PRADERWILLI_AND_ANGELMAN_SYNDROME",0,0,-1,0,0,0,0,0,0,0,-1,0,0,0,0,1
"WP_RETT_SYNDROME_CAUSING_GENES",0,0,-1,0,0,-1,0,0,0,-1,-1,0,0,0,0,1
"WP_ROBO4_AND_VEGF_SIGNALING_PATHWAYS_CROSSTALK",0,0,-1,0,0,1,0,0,0,0,-1,0,0,0,0,1
"WP_SARSCOV2_ALTERING_ANGIOGENESIS_VIA_NRP1",0,0,-1,0,0,0,0,0,0,0,-1,0,0,0,0,1
"WP_SELECTIVE_EXPRESSION_OF_CHEMOKINE_RECEPTORS_DURING_TCELL_POLARIZATION",0,0,0,0,0,0,0,0,0,0,0,0,0,0,0,0
"WP_SEROTONIN_AND_ANXIETY",0,0,-1,0,0,0,0,0,0,-1,-1,0,-1,0,0,1
"WP_SOMATIC_SEX_DETERMINATION",0,0,-1,-1,-1,-1,0,0,0,0,0,0,0,0,0,1
"WP_SPLICING_FACTOR_NOVA_REGULATED_SYNAPTIC_PROTEINS",0,0,-1,0,0,-1,0,0,0,-1,-1,0,0,0,0,1
"WP_STRIATED_MUSCLE_CONTRACTION_PATHWAY",0,0,0,0,0,0,0,0,0,0,1,0,0,0,0,0
"WP_SUDDEN_INFANT_DEATH_SYNDROME_SIDS_SUSCEPTIBILITY_PATHWAYS",0,0,-1,0,0,0,0,0,0,0,-1,0,0,0,0,1
"WP_SYNAPTIC_VESICLE_PATHWAY",0,0,-1,0,0,-1,0,0,0,-1,-1,0,-1,-1,0,1
"WP_VITAMIN_DSENSITIVE_CALCIUM_SIGNALING_IN_DEPRESSION",0,0,-1,0,0,-1,0,0,0,-1,-1,0,0,0,0,1
"WU_ALZHEIMER_DISEASE_UP",0,0,-1,0,0,0,0,0,0,0,0,0,0,0,0,0
"XU_AKT1_TARGETS_48HR",0,0,-1,-1,-1,0,-1,0,0,0,-1,0,0,0,0,1
"YAGUE_PRETUMOR_DRUG_RESISTANCE_UP",0,0,-1,0,0,0,0,0,0,0,-1,0,0,0,0,1
"YANG_BREAST_CANCER_ESR1_DN",0,0,-1,-1,0,0,-1,0,0,0,-1,0,0,0,0,1
"YAUCH_HEDGEHOG_SIGNALING_PARACRINE_DN",0,0,-1,0,0,-1,-1,0,0,0,-1,0,0,0,0,1
"YEGNASUBRAMANIAN_PROSTATE_CANCER",0,0,-1,-1,-1,-1,-1,-1,-1,0,-1,0,1,0,0,1
"ZHAN_MULTIPLE_MYELOMA_MS_UP",0,0,-1,0,0,0,0,0,0,0,-1,0,0,0,0,1
"ZHOU_PANCREATIC_BETA_CELL",0,0,-1,-1,-1,-1,-1,-1,-1,-1,-1,0,-1,0,0,1
"ZHOU_PANCREATIC_ENDOCRINE_PROGENITOR",0,0,-1,-1,-1,0,-1,-1,-1,-1,-1,0,-1,-1,0,1
"ZHOU_PANCREATIC_EXOCRINE_PROGENITOR",0,0,-1,0,0,0,0,0,0,0,-1,0,0,0,0,1
